ticker,side,Outcome,qty,dateIn,priceIn,dateOut,priceOut,profit,Money,real,pnl,commission,funding,fileBalance,balance
FLMUSDT,SELL,Direct TP,86,1714479167.370048,0.0863,1714547352.1883776,0.0828,0.0392,0.29093456,0.29736796,0.301,-0.00513506,0.00150302,5.29093456,10.54
FLMUSDT,BUY,Direct TP,92,1714601031.9326308,0.0889,1714699906.8514683,0.0925,0.0392,0.32060896,0.32254045000000003,0.3312,-0.0057914,-0.0028681500000000003,5.611543520000001,13.36
FLMUSDT,BUY,sl,91,1715010308.559273,0.094,1715176524.7905648,0.0911,-0.10729999999999998,-0.9178441999999999,-0.92585462,-0.8644999999999998,-0.057953330000000004,-0.00340129,4.69369932,12.37
FLMUSDT,SELL,Direct TP,78,1715357180.3047974,0.088,1715564698.8958335,0.0845,0.0392,0.2690688,0.26607339,0.273,-0.0047502,-0.00217641,4.962768120000001,14.54
FLMUSDT,BUY,Direct TP,90,1715583803.9202385,0.0842,1715592109.16379,0.0876,0.0392,0.2970576,0.3002488,0.306,-0.0053657999999999996,-0.0003854,5.25982572,19.84
FLMUSDT,SELL,empate,88,1715821544.1862292,0.0906,1715955811.4818807,0.0913,-0.01697763904653793,-0.13535932059023761,-0.15648833,-0.132,-0.023412389999999998,-0.0010759399999999998,5.124466399409763,9.11
FLMUSDT,BUY,Direct TP,82,1716233791.0185914,0.0945,1716251563.5996861,0.0983,0.0392,0.3037608,0.30532754,0.3116,-0.00548662,-0.00078584,5.428227199409763,25.76
FLMUSDT,SELL,sl,89,1716473522.0389507,0.0937,1716534473.689387,0.0902,-0.10729999999999998,-0.8948068899999998,-0.78881453,-0.7387,-0.048464940000000005,-0.0016495899999999998,4.533420309409763,22.9
FLMUSDT,BUY,Direct TP,69,1716760967.7715325,0.1012,1716824816.437117,0.1052,0.0392,0.27372576,0.26862695999999997,0.276,-0.00494316,-0.00242988,4.807146069409763,16.11
FLMUSDT,SELL,Direct TP,68,1716861289.9281104,0.103,1716998614.858822,0.0989,0.0392,0.2745568,0.27740317999999997,0.2788,-0.00484704,0.00345022,5.081702869409763,28.67
FLMUSDT,SELL,Indirect TP,76,1717392616.041529,0.1015,1717784088.7881577,0.0837,0.09920000000000001,0.7652288000000002,0.7005964299999998,0.7295999999999999,-0.01253164,-0.01647193,5.846931669409763,24.57
FLMUSDT,BUY,Direct TP,105,1717784210.5109408,0.0857,1717788894.6064959,0.0891,0.0392,0.3527412,0.35062964999999996,0.357,-0.00637035,0.0,6.1996728694097625,24.92
FLMUSDT,SELL,empate,103,1717810643.7371564,0.0908,1717932757.4589283,0.0839,-0.002155963302752327,-0.020163431192660862,-0.04720436000000007,-0.03090000000000004,-0.01797864,0.0016742799999999998,6.179509438217101,22.9
FLMUSDT,BUY,Direct TP,121,1718121944.4720874,0.0774,1718197792.7879536,0.0805,0.0392,0.36712367999999995,0.36611257,0.3751,-0.006630799999999999,-0.00235663,6.546633118217101,15.8
FLMUSDT,BUY,sl,122,1718226996.5084505,0.0817,1718281826.50276,0.0797,-0.10729999999999998,-1.0695020199999996,-1.04265755,-0.976,-0.06760018999999999,0.00094264,5.477131098217101,11.23
FLMUSDT,SELL,sl,111,1718389342.7967818,0.0724,1718447310.5200746,0.0749,-0.10729999999999998,-0.8623057199999999,-0.9341549200000001,-0.8769,-0.05806965,0.00081473,4.614825378217101,16.99
FLMUSDT,SELL,Direct TP,99,1718632099.6189175,0.0695,1718673819.1104622,0.0667,0.0392,0.2697156,0.27347981000000005,0.2772,-0.00476091,0.0010407200000000002,4.8845409782171005,15.0
FLMUSDT,BOTH,direct TP,115,0,0,1718674924343,0,0.0392,0.0,-1.33722009,-1.2006000000000001,-0.13706155,0.00044146,4.8845409782171005,15.77
FLMUSDT,SELL,Direct TP,115,1718675005.4767032,0.0625,1718675056.3357563,0.06,0.0392,0.28175,0.28252625,0.2875,-0.00497375,0.0,5.1662909782171,16.05
FLMUSDT,BOTH,direct TP,128,0,0,1718675086184,0,0.0392,0.0,-1.0546938399999999,-0.9131000000000001,-0.1420353,0.00044146,5.1662909782171,16.05
FLMUSDT,BUY,Direct TP,129,1718675189.787061,0.0618,1718679064.1296394,0.0643,0.0392,0.31251024,0.31685495999999996,0.3225,-0.0056450400000000005,0.0,5.4788012182171,16.36
FLMUSDT,BUY,empate,128,1718717770.6009355,0.0628,1718844886.2768226,0.0672,-0.010903522205206753,-0.08764687289433395,-0.09480278,-0.07680000000000001,-0.01667838,-0.0013243999999999999,5.391154345322766,17.44
FLMUSDT,SELL,direct TP,127,1719221604.641357,0.0619,1719241486954,0,0.0392,0.30816296,-0.0019400599999999902,0.012699999999999989,-0.01381125,-0.00082881,5.699317305322766,23.32
FLMUSDT,SELL,Direct TP,125,1719596687.6554472,0.0673,1719689456.1738493,0.0646,0.0392,0.32976999999999995,0.3341801,0.33749999999999997,-0.00582125,0.00250135,6.029087305322766,24.17
FLMUSDT,SELL,Direct TP,139,1720028708.09318,0.0633,1720056906.6257703,0.0608,0.0392,0.34490903999999994,0.34228566,0.3475,-0.00608959,0.0008752499999999999,6.373996345322766,25.85
FLMUSDT,SELL,Direct TP,157,1720058462.4709234,0.06,1720099786.0922756,0.0576,0.0392,0.369264,0.37171198000000005,0.3768,-0.00651864,0.00143062,6.743260345322766,25.87
FLMUSDT,SELL,Direct TP,174,1720123254.2017202,0.0575,1720136499.534396,0.0552,0.0392,0.39219600000000004,0.39327653999999995,0.4002,-0.00692346,0.0,7.135456345322766,26.92
FLMUSDT,SELL,Direct TP,205,1720143347.573745,0.0515,1720148316.1262615,0.0494,0.0392,0.41385399999999994,0.42319585,0.4305,-0.00730415,0.0,7.549310345322766,23.27
FLMUSDT,SELL,empate,229,1720148365.258818,0.0477,1720242522.3311317,0.0508,-0.06900645161290322,-0.7537781729032258,-0.77464358,-0.7099,-0.06779545,0.00305187,6.7955321724195406,23.43
FLMUSDT,SELL,Indirect TP,169,1720733518.3870223,0.059,1720836034.6431568,0.0734,0.09920000000000001,0.9891232,0.9932868499999998,1.0478,-0.05912972,0.00461657,7.78465537241954,17.04
FLMUSDT,SELL,Direct TP,157,1720836428.1350644,0.0723,1720839833.0574455,0.0694,0.0392,0.44496312,0.44744529,0.4553,-0.007854709999999999,0.0,8.22961849241954,17.49
FLMUSDT,BUY,sl,180,1720843580.807979,0.0703,1720854987.4979851,0.0681,-0.10729999999999998,-1.3577741999999997,-1.3816979999999999,-1.296,-0.085698,0.0,6.87184429241954,16.11
FLMUSDT,BUY,Direct TP,153,1720855476.1399064,0.0693,1720905677.7789805,0.0721,0.0392,0.41563367999999995,0.56708981,0.4284,-0.0075077,0.14619751,7.28747797241954,15.59
FLMUSDT,BUY,Direct TP,136,1720925771.42674,0.0822,1720928127.744174,0.0855,0.0392,0.43822463999999994,0.4408848,0.4488,-0.0079152,0.0,7.72570261241954,16.03
FLMUSDT,BUY,Direct TP,136,1720929162.5232303,0.0871,1720931078.9373636,0.0906,0.0392,0.46434751999999996,0.56448295,0.476,-0.00838712,0.09687007,8.19005013241954,16.6
FLMUSDT,SELL,Direct TP,141,1720931767.0215058,0.0846,1720932771.6931255,0.0812,0.0392,0.4676011199999999,0.47114586,0.4794,-0.00825414,0.0,8.657651252419539,17.07
FLMUSDT,SELL,Direct TP,162,1720932804.6841168,0.0787,1720932956.666095,0.0756,0.0392,0.49977648,0.49337585999999994,0.5022,-0.00882414,0.0,9.157427732419539,17.56
FLMUSDT,BUY,sl,181,1720933139.0867572,0.0781,1720933492.9487598,0.076,-0.10729999999999998,-1.5168035299999996,-1.67098295,-1.5747,-0.09628295,0.0,7.640624202419539,15.89
FLMUSDT,BUY,Indirect TP,150,1720933615.686955,0.0746,1720943318.146292,0.0628,0.09920000000000001,1.1100480000000001,1.1162009999999998,1.17,-0.053799,0.0,8.750672202419539,17.01
FLMUSDT,SELL,sl,208,1720944002.5228682,0.0622,1720954771.061147,0.0639,-0.10729999999999998,-1.3882044799999997,-1.64587391,-1.4768000000000001,-0.09313199,-0.07594192,7.362467722419539,15.61
FLMUSDT,BUY,empate,172,1720959614.6149762,0.0627,1721065632.1481924,0.0675,-0.004723926380367935,-0.05094471165643996,-0.04395768000000005,-0.034399999999999986,-0.0224116,0.012853919999999996,7.311523010763099,15.03
FLMUSDT,SELL,Direct TP,176,1722457156.8033621,0.0613,1722524439.123097,0.0588,0.0392,0.42292095999999996,0.43294403000000004,0.44,-0.007464159999999999,0.00040819,7.734443970763099,10.9
FLMUSDT,SELL,Direct TP,198,1722528140.6333103,0.0575,1722535786.6304502,0.0552,0.0392,0.446292,0.44752158000000003,0.4554,-0.00787842,0.0,8.180735970763099,14.55
FLMUSDT,BUY,Direct TP,221,1722536219.1915612,0.0562,1722545844.5230725,0.0584,0.0392,0.48687184,0.47678185,0.4862,-0.00879138,-0.00062677,8.667607810763098,14.5
FLMUSDT,SELL,Direct TP,218,1722576044.5969005,0.0584,1722612086.216331,0.0561,0.0392,0.49906304,0.49386881999999993,0.5014,-0.008811560000000001,0.00128038,9.166670850763097,15.92
FLMUSDT,BUY,empate,248,1722612953.5463164,0.0567,1722733500.7774217,0.0537,-0.05373235294117649,-0.7555628541176473,-0.79886259,-0.744,-0.0543368,-0.0005257899999999999,8.41110799664545,13.43
FLMUSDT,SELL,Direct TP,241,1722815245.1388967,0.0512,1722819354.8471165,0.0492,0.0392,0.48369664000000007,0.47407697,0.482,-0.00854103,0.000618,8.89480463664545,16.55
FLMUSDT,BUY,sl,300,1722820474.2202883,0.0455,1722867600.2956736,0.0439,-0.10729999999999998,-1.4646449999999995,-1.53654874,-1.4399999999999997,-0.09243,-0.00411874,7.430159636645451,20.72
FLMUSDT,BUY,Direct TP,255,1722870715.5524638,0.0448,1722903441.2246418,0.0466,0.0392,0.4478208,0.45205044,0.459,-0.0080886,0.00113904,7.8779804366454504,20.82
FLMUSDT,BUY,Direct TP,231,1723427652.4297147,0.0521,1723567647.5144637,0.0542,0.0392,0.47177591999999996,0.47082793,0.4851,-0.008521589999999999,-0.00575048,8.34975635664545,40.26
CHRUSDT,BUY,sl,70,1723986812.4751637,0.1834,1724055530.2449405,0.1794,-0.10729999999999998,-1.3775173999999997,-1.3434305299999998,-1.26,-0.08710799999999999,0.00367747,6.972238956645451,39.54
CHRUSDT,BOTH,direct TP,47,0,0,1724441560462,0,0.0392,0.0,-1.3434305299999998,-1.26,-0.08710799999999999,0.00367747,6.972238956645451,39.93
CHRUSDT,BUY,Direct TP,47,1724441655.345835,0.2241,1724444670.4672008,0.2331,0.0392,0.41288184,0.41554251000000003,0.423,-0.007457490000000001,0.0,7.385120796645451,40.33
CHRUSDT,SELL,empate,47,1724447001.3288476,0.2276,1724562513.349079,0.2415,-0.046321166032953116,-0.49550677728770604,-0.5285346,-0.4841,-0.04426695,-0.0001676500000000001,6.889614019357745,39.34
CHRUSDT,SELL,empate,53,1724807268.5420778,0.1927,1724964229.0999453,0.2077,-0.030689775561097345,-0.3134377467830433,-0.3385645300000001,-0.2968,-0.04234699,0.0005824600000000001,9.686562253216957,-0.3134377467830433,38.2
CHRUSDT,SELL,Direct TP,71,1725647914.0702398,0.1679,1725656449.3177485,0.1612,0.0392,0.46729928,0.46745051,0.4757,-0.00824949,0.0,9.084151431216958,0.15386153321695667,28.74
CHRUSDT,SELL,empate,76,1725811332.7049491,0.1757,1725920490.1889412,0.1891,-0.032136105032822763,-0.4291198377242889,-0.4689473400000001,-0.41040000000000015,-0.055350800000000006,-0.0031965400000000003,8.873856372905099,-0.27525830450733224,25.85
CHRUSDT,SELL,empate,63,1726595127.0346363,0.1901,1726732708.6503627,0.2032,-0.03825991902834012,-0.4582122682591097,-0.49880365000000015,-0.44730000000000003,-0.049584149999999994,-0.0019195,8.086385139202187,-0.7334705727664419,26.15
CHRUSDT,SELL,Direct TP,46,1727794971.4662638,0.1829,1727802436.807595,0.1756,0.0392,0.32980528,0.33081894,0.3358,-0.0058222199999999995,0.00084116,6.081648990764428,-0.4036652927664419,22.52
CHRUSDT,SELL,sl,54,1727803312.2287924,0.1676,1727821709.551657,0.1724,-0.10729999999999998,-0.9711079199999999,-1.0373184,-0.9720000000000001,-0.0653184,0.0,5.1105410707644285,-1.3747732127664418,22.35
CHRUSDT,SELL,Direct TP,45,1728401393.5743616,0.1716,1728582918.837529,0.1647,0.0392,0.3027024,0.31044055,0.3105,-0.0053433,0.00528385,5.566369418098672,-1.0720708127664418,18.84
CHRUSDT,SELL,empate,84,1729464113.4326441,0.1986,1729589718.7662826,0.1841,-0.005390665967488231,-0.08992924593602566,-0.13983210999999998,-0.10919999999999996,-0.0320922,0.00146009,4.080070754063974,-1.1620000587024675,16.17
CHRUSDT,BUY,Direct TP,36,1729716357.517041,0.1754,1729740240.7193828,0.1824,0.0392,0.24752448,0.24689448,0.252,-0.004470480000000001,-0.00063504,4.327595234063974,-0.9144755787024674,18.26
CHRUSDT,BUY,Direct TP,52,1729899106.7155216,0.1605,1730153022.8949668,0.1669,0.0392,0.3271632,0.32183423,0.3328,-0.00590875,-0.00505702,6.4170069780639745,-0.5873123787024674,16.24
CHRUSDT,SELL,Direct TP,55,1730233345.438436,0.1725,1730386036.0004041,0.1656,0.0392,0.37191,0.37768549,0.3795,-0.006565339999999999,0.00475083,6.788916978063974,-0.21540237870246742,20.91
CHRUSDT,SELL,empate,70,1730662827.877672,0.1487,1730843025.3936765,0.153,0.00552352941176476,0.05749441764705939,0.012069479999999964,0.04899999999999993,-0.030663499999999996,-0.00626702,6.8464113957110335,-0.15790796105540802,16.27
CHRUSDT,BUY,sl,61,1731254505.5703397,0.191,1731279275.1455364,0.1857,-0.10729999999999998,-1.2501522999999997,-1.2563529500000001,-1.1773,-0.07905295000000001,0.0,6.319314975674874,-1.4080602610554076,16.07
CHRUSDT,BUY,Direct TP,50,1731285282.1447415,0.19,1731368268.7645125,0.1976,0.0392,0.3724,0.3705393,0.38,-0.006725999999999999,-0.0027347,5.446795696674874,-1.0356602610554075,12.91
CHRUSDT,BUY,sl,38,1732377617.336923,0.2499,1732380313.400233,0.2424,-0.10729999999999998,-1.0189422599999998,-1.0602098699999998,-0.9957999999999999,-0.06440987000000001,0.0,5.256331993708772,-2.0546025210554073,11.37
CHRUSDT,SELL,sl,32,1732392656.901178,0.2392,1732497712.4542215,0.2464,-0.10729999999999998,-0.8213171199999998,-0.93159183,-0.8768000000000001,-0.05526078,0.0004689500000000003,3.9783285273337716,-2.875919641055407,5.44
CHRUSDT,BUY,Direct TP,21,1733167917.725249,0.2955,1733170175.8542767,0.3073,0.0392,0.24325559999999996,0.2434066,0.2478,-0.0043934,0.0,4.221584127333772,-2.632664041055407,19.83
CHRUSDT,BUY,Direct TP,21,1733185232.269989,0.3136,1733191765.0779638,0.3261,0.0392,0.25815551999999997,0.25783758,0.2625,-0.00466242,0.0,4.479739647333772,-2.3745085210554073,20.52
CHRUSDT,BUY,empate,20,1733237422.2284436,0.3385,1733333233.1292229,0.3228,-0.05891478635106056,-0.39885310359667997,-0.4196792100000001,-0.38200000000000006,-0.026207,-0.01147221,3.5964467657370918,-2.7733616246520874,18.05
CHRUSDT,SELL,Direct TP,25,1733778138.7258646,0.2791,1733778190.4557137,0.2679,0.0392,0.273518,0.27517175000000005,0.28,-0.00482825,0.0,3.869964765737092,-2.499843624652087,16.57
CHRUSDT,SELL,Direct TP,27,1733778239.1612241,0.255,1733778307.4304514,0.2448,0.0392,0.269892,0.27063558,0.2754,-0.00476442,0.0,4.1398567657370915,-2.229951624652087,20.6
CHRUSDT,BUY,Direct TP,26,1733778353.319057,0.2472,1733778389.7565086,0.2571,0.0392,0.25194624,0.25606308,0.2574,-0.00133692,0.0,4.391803005737091,-1.978005384652087,22.75
CHRUSDT,SELL,sl,25,1733778465.3057435,0.2543,1733782518.2127051,0.2649,-0.10729999999999998,-0.68215975,-0.6762725,-0.63,-0.0462725,0.0,3.9575252397370915,-2.660165134652087,21.14
CHRUSDT,SELL,Direct TP,23,1733782744.6507297,0.2612,1733782953.5931468,0.2508,0.0392,0.23549791999999997,0.23504252,0.2392,-0.00415748,0.0,4.193023159737091,-2.424667214652087,20.58
CHRUSDT,BUY,Direct TP,24,1733783021.603787,0.2568,1733783343.659589,0.2671,0.0392,0.24159743999999997,0.24283633000000002,0.2472,-0.00436367,0.0,4.434620599737091,-2.183069774652087,20.71
CHRUSDT,BUY,Direct TP,25,1733784541.2486172,0.2722,1733790847.8446531,0.2831,0.0392,0.266756,0.26698838999999996,0.27249999999999996,-0.004818,-0.00069361,3.933850042737091,-1.916313774652087,19.89
CHRUSDT,BUY,Direct TP,24,1733858514.9405184,0.2726,1733862852.9869523,0.2835,0.0392,0.25646208,0.25696800000000003,0.2616,-0.004632,0.0,4.469733642737091,-1.6598516946520872,16.34
GALAUSDT,BUY,tie,580.0,1735832648.3613029,0.03977,1735955473.3397036,0.04328,0.03506242137575291,0.8087708489059422,0.82500352,0.9048,-0.0815306,0.0017341200000000005,4,15.808770848905942,0.8087708489059422,17.7
MKRUSDT,BUY,direct TP,0.012,1735920013.9236102,1569.9,1735995235.0049884,1617.0,0.030001910949741962,0.5651999999999989,0.5574876,0.5652,-0.0038808,-0.0038316,1,16.37397084890594,1.373970848905941,32.73
RSRUSDT,BUY,sl,965.0,1735948269.491923,0.016622,1736006619.871096,0.016635,-0.1080287174879494,-1.7328054751117308,-1.7600849700000003,-1.6225280000000002,-0.13579877,-0.0017582000000000003,12,14.64116537379421,-0.35883462620578976,32.36
PENDLEUSDT,SELL,direct TP,4.0,1736262617.5545063,5.0254,1736271196.6503794,4.8746,0.030007561587137393,0.6032000000000011,0.60127349,0.6032,-0.00389968,0.00197317,1,15.244365373794212,0.2443653737942113,29.55
GALAUSDT,SELL,direct TP,390.0,1736263222.2360058,0.04001,1736271499.0555727,0.03881,0.029992501874531362,0.4679999999999999,0.46651293,0.468,-0.00302718,0.00154011,1,15.712365373794212,0.7123653737942113,30.01
RSRUSDT,SELL,direct TP,873.0,1736264599.0198257,0.015094,1736278866.3535664,0.014641,0.030011925268318557,0.39546900000000024,0.39424244,0.395469,-0.00255631,0.00132975,1,16.107834373794212,1.1078343737942116,30.4
PENDLEUSDT,SELL,direct TP,5.0,1736278991.3214602,4.8011,1736305311.0037856,4.6571,0.029993126575159887,0.7200000000000008,0.7177152,0.72,-0.0046571,0.0023723,1,16.827834373794214,1.8278343737942122,61.11
APTUSDT,SELL,tie,2.1,1736257752.9272003,10.2892,1736348393.0762067,9.1714,0.07721403587881107,1.6683883817249519,1.6557191199999999,1.68315,-0.03123729,0.00380641,2,18.496222755519167,3.496222755519164,63.44
MKRUSDT,SELL,tie,0.015,1736005753.4289513,1560.0,1736349432.665718,1447.54,0.0488528668258678,1.1431570837253064,1.12029303,1.1694,-0.034256550000000004,-0.014850420000000001,4,19.639379839244473,4.63937983924447,65.12
PENDLEUSDT,SELL,direct TP,6.0,1736345599.5222523,4.3014,1736355637.1512222,4.1724,0.029990235737201946,0.7740000000000028,0.77041797,0.774,-0.00500688,0.00142485,1,20.413379839244477,5.413379839244473,65.89
APTUSDT,SELL,direct TP,2.1,1736361068.7847126,9.0129,1736407222.0532043,8.7425,0.030001442377037404,0.5678400000000009,0.56159607,0.56784,-0.00367185,-0.00257208,1,20.981219839244478,5.981219839244474,65.62
PENDLEUSDT,SELL,sl,8.0,1736357646.7911987,4.1518,1736417870.7422004,4.1517,-0.10634804063264239,-3.532286360788837,-3.62027646,-3.3405000000000005,-0.28372959,0.00395313,13,17.44893347845564,2.448933478455637,68.98
GALAUSDT,SELL,tie,752.0,1736359212.7394068,0.03495,1736471198.8432336,0.03399,-0.03699849121339787,-0.9724091454670082,-0.9710863299999999,-0.8572799999999999,-0.11845878000000001,0.00465245,5,16.47652433298863,1.476524332988629,66.35
PENDLEUSDT,SELL,sl,7.0,1736434275.6472738,4.0213,1736515846.9992533,4.0343,-0.10286424880442153,-2.895536026020542,-3.15820492,-2.9147000000000003,-0.24044154000000004,-0.0030633799999999997,12,13.58098830696809,-1.419011693031913,65.61
MKRUSDT,BUY,tie,0.015,1736360775.170267,1461.8,1736540027.326318,1476.9,-0.07441316810263647,-1.6316575369865098,-1.6699568,-1.5148999900000002,-0.14200205,-0.013054759999999999,9,11.94933076998158,-3.050669230018423,63.06
RSRUSDT,SELL,sl,1346.0,1736522298.0394835,0.013193,1736553260.5784588,0.013185,-0.10703300054360555,-1.9006682623272266,-1.9275026499999999,-1.7775950000000003,-0.15166635000000003,0.0017587,12,10.048662507654354,-4.951337492345649,62.08
PENDLEUSDT,SELL,tie,5.0,1736520972.957939,4.0434,1736618293.127106,3.8407,0.007921471703000386,0.1601483934195588,0.17494800000000013,0.2178000000000001,-0.05024373,0.007391729999999999,3,10.208810901073914,-4.791189098926091,63.09
GALAUSDT,BUY,direct TP,411.0,1736779572.6484997,0.03162,1736781229.5775986,0.03257,0.03004427577482604,0.3904499999999998,0.38777275,0.39045,-0.00267725,0.0,1,10.599260901073913,-4.400739098926091,63.44
GALAUSDT,BUY,sl,484.0,1736781265.0686185,0.03198,1736799692.680234,0.03196,-0.10611057719515408,-1.6424134692112973,-1.7084784199999998,-1.57783999,-0.13092198,0.00028355,12,8.956847431862617,-6.043152568137389,59.18
RSRUSDT,BUY,tie,1060.0,1736781079.5891435,0.012012,1736877012.2288632,0.013028,-0.0006996693652729646,-0.008908694120598382,-0.029920270000000058,0.05830000000000002,-0.08293756999999999,-0.0052826999999999995,7,8.947938737742017,-6.052061262257987,62.43
PENDLEUSDT,BUY,tie,4.0,1736779927.9002542,3.5269,1736877129.0372913,3.7891,0.03194863474593905,0.4507185595418097,0.43610959000000005,0.47719999999999996,-0.0356538,-0.00543661,4,9.398657297283828,-5.6013427027161775,63.47
APTUSDT,BUY,tie,1.6,1736780060.686371,8.111178,1736878712.9435585,8.8113,-0.00015901027073869645,-0.0020636169756636136,-0.022787560000000026,0.06596000000000019,-0.08455674,-0.00419082,10,9.396593680308165,-5.6034063196918416,64.58
MKRUSDT,BUY,tie,0.012,1736779088.417902,1335.5,1736887869.8153312,1381.9,0.00496585293105354,0.07958275907306403,0.09119380000000005,0.11759999999999998,-0.02431739,-0.00208881,2,9.476176439381229,-5.523823560618777,65.13
RSRUSDT,BUY,direct TP,873.0,1736951230.6368043,0.013745,1736955247.4196663,0.014157,0.02997453619497993,0.3596759999999993,0.35720419,0.359676,-0.00247181,0.0,1,9.835852439381227,-5.164147560618778,75.26
PENDLEUSDT,BUY,direct TP,3.0,1736952559.3256986,3.8856,1736958216.447821,4.0022,0.03000823553633931,0.34980000000000006,0.3462171,0.3498,-0.00240132,-0.00118158,1,10.185652439381228,-4.814347560618778,75.59
GALAUSDT,BUY,tie,386.0,1736895849.0490112,0.03603,1737021126.3958628,0.03874,0.011386584649521553,0.15835983693999295,0.1384924600000001,0.20844000000000007,-0.06282149999999999,-0.00712604,5,10.344012276321221,-4.655987723678785,76.16
MKRUSDT,BUY,direct TP,0.009,1736953525.9671044,1421.8,1737079100.3063214,1464.5,0.03003235335490227,0.38430000000000036,0.37562213,0.3843,-0.0026361,-0.006041769999999999,1,10.72831227632122,-4.2716877236787845,75.23
APTUSDT,BUY,direct TP,1.4,1736954412.1974063,9.2964,1737079133.4545827,9.5753,0.030000860548169198,0.3904600000000002,0.38125789,0.39046,-0.00268108,-0.006521030000000001,1,11.118772276321222,-3.8812277236787844,75.62
RSRUSDT,BUY,tie,1043.0,1736955324.8443842,0.013866,1737103399.4645476,0.014993,0.018306748337200654,0.2647565514587001,0.24327566999999994,0.3140909999999999,-0.06544501,-0.00537032,5,11.383528827779921,-3.616471172220084,76.78
GALAUSDT,BUY,tie,411.0,1737039733.569349,0.03912,1737129564.1004934,0.04041,-0.02027937621944939,-0.3260583002566975,-0.3170219999999999,-0.25893,-0.05637892,-0.0017130799999999999,4,11.057470527523224,-3.9425294724767816,77.23
PENDLEUSDT,BUY,direct TP,4.0,1737120682.4491339,4.2754,1737161550.4140015,4.4037,0.03000888805725766,0.5131999999999977,0.5062428,0.5132,-0.00352296,-0.00343424,1,11.570670527523221,-3.429329472476784,77.71
RSRUSDT,BUY,direct TP,872.0,1737301341.2527523,0.014924,1737302901.3131528,0.015372,0.03001876172607883,0.3906560000000004,0.38667201,0.390656,-0.00268087,-0.00130312,1,11.961326527523221,-3.0386734724767837,80.86
GALAUSDT,SELL,direct TP,534.0,1737328216.2263494,0.03371,1737329266.5680714,0.0327,0.029961435775734117,0.5393399999999984,0.5358476400000001,0.53934,-0.00349236,0.0,1,12.500666527523219,-2.4993334724767853,79.68
RSRUSDT,SELL,direct TP,1116.0,1737328938.5279891,0.01363,1737329411.0180876,0.013221,0.03000733675715331,0.4564439999999996,0.45349308,0.456444,-0.00295092,0.0,1,12.957110527523218,-2.042889472476786,80.13
RSRUSDT,SELL,direct TP,1466.0,1737329467.986608,0.013222,1737333601.994694,0.012825,0.030025714717894402,0.5820019999999997,0.58020775,0.582002,-0.00376029,0.00196604,1,13.539112527523217,-1.4608874724767862,80.7
GALAUSDT,SELL,direct TP,571.0,1737329302.2981455,0.03293,1737334076.4650717,0.03194,0.030063771636805278,0.5652899999999988,0.5635398899999999,0.56529,-0.00364754,0.00189743,1,14.104402527523217,-0.8955974724767873,81.26
PENDLEUSDT,BUY,sl,4.0,1737300316.4212081,3.9959625,1737383732.4903378,3.9914,-0.10527453016571178,-1.6826922989892124,-1.7675111200000002,-1.6337000000000002,-0.13523265,0.00142153,10,12.421710228534003,-2.578289771466,79.39
MKRUSDT,SELL,tie,0.013,1737299827.328357,1329.2,1737408526.5248663,1300.0,-0.03138025024886814,-0.5422381722003419,-0.5650217,-0.5044,-0.060446089999999994,-0.0001756100000000001,6,11.879472056333661,-3.1205279436663416,79.76
APTUSDT,SELL,tie,1.3,1737300984.791789,9.088,1737408543.7552042,8.6167,-0.019977414911329636,-0.23602117072841283,-0.25717941,-0.19437000000000004,-0.06501337,0.0022039600000000005,7,11.643450885605247,-3.3565491143947543,80.37
GALAUSDT,SELL,direct TP,559.0,1737400095.6495373,0.03323,1737419520.6565676,0.03223,0.030093289196509204,0.5590000000000005,0.55722573,0.559,-0.00360331,0.00182904,1,12.202450885605248,-2.7975491143947537,80.87
PENDLEUSDT,SELL,tie,5.0,1737726847.2813652,3.76552,1737836146.8459215,3.7431,-0.025756344448715027,-0.4849301507426271,-0.4969022,-0.47230000000000005,-0.028185349999999998,0.0035831500000000002,3,11.717520734862621,-3.282479265137381,69.98
MKRUSDT,SELL,direct TP,0.012,1737756731.9298835,1254.2,1737929274.0352774,1216.6,0.029979269653962793,0.45120000000000166,0.45723651,0.4512,-0.00291984,0.008956350000000002,1,12.168720734862623,-2.831279265137379,62.72
GALAUSDT,BUY,sl,520.0,1737992415.0083966,0.0294,1738069710.799414,0.02941,-0.1064763049440406,-1.6278097499844926,-1.6677577399999999,-1.534,-0.1292798,-0.00447794,12,10.54091098487813,-4.459089015121871,76.86
APTUSDT,BUY,tie,1.8,1737993012.098834,7.3336,1738084143.6593392,7.5166,-0.038767937228330634,-0.511755380023834,-0.52592833,-0.46392997999999996,-0.05930016,-0.0026981899999999996,7,10.029155604854296,-4.970844395145705,68.43
RSRUSDT,BUY,tie,1505.0,1737991507.3891606,0.011843,1738087595.4332297,0.01309,0.01905196990895175,0.33957688184573187,0.31011745,0.43343999999999994,-0.11626121,-0.00706134,12,10.368732486700027,-4.631267513299973,69.03
RSRUSDT,BUY,tie,1201.0,1738090566.925355,0.012732,1738187407.085958,0.013266,-0.022996980376424045,-0.3516498625373098,-0.36474786,-0.29707700000000004,-0.06880888,0.00113802,6,10.017082624162718,-4.982917375837284,59.1
MKRUSDT,BUY,tie,0.012,1738180334.6924262,1096.4,1738356318.9345195,1151.0,-0.01363510360989835,-0.17939433117471063,-0.19655436000000007,-0.13200000000000012,-0.05927759999999999,-0.00527676,7,9.837688292988007,-5.162311707011995,73.91
PENDLEUSDT,SELL,direct TP,4.0,1738349048.8694105,3.7551,1738392266.8627498,3.6424,0.030012516311150234,0.450800000000001,0.44937897,0.4508,-0.00291392,0.00149289,1,10.288488292988008,-4.711511707011994,74.35
GALAUSDT,SELL,direct TP,514.0,1738519699.1914544,0.02527,1738521894.6622763,0.02451,0.03007518796992482,0.39064000000000015,0.38812038,0.39064,-0.00251962,0.0,1,10.679128292988008,-4.320871707011993,66.17
RSRUSDT,SELL,direct TP,1535.0,1738518967.8600843,0.010039,1738522033.0634732,0.009738,0.029983066042434427,0.46203499999999875,0.45904543999999997,0.462035,-0.00298956,0.0,1,11.141163292988006,-3.8588367070119944,67.01
APTUSDT,SELL,direct TP,2.0,1738519032.8788397,6.4682,1738522051.295663,6.2742,0.029992888284221256,0.3879999999999999,0.38549033,0.388,-0.00250967,0.0,1,11.529163292988006,-3.4708367070119945,67.01
PENDLEUSDT,SELL,direct TP,5.0,1738519941.3342023,2.8768,1738522427.6773622,2.7905,0.02999860956618451,0.43149999999999794,0.4287095,0.4315,-0.0027905,0.0,1,11.960663292988004,-3.0393367070119965,67.42
GALAUSDT,SELL,direct TP,649.0,1738521973.462446,0.02468,1738522863.9056656,0.02394,0.029983792544570544,0.48026000000000063,0.47715259000000004,0.48026,-0.00310741,0.0,1,12.440923292988005,-2.5590767070119957,67.89
RSRUSDT,SELL,Indirect TP,1755.0,1738522104.5270271,0.009972,1738547248.7897758,0.008555,0.10002597501121713,1.7505405850348095,1.75005145,1.7865900000000001,-0.03818879,0.00165024,4,14.191463878022814,-0.8085361219771863,66.1
APTUSDT,SELL,Indirect TP,2.4,1738522125.0788348,6.426733,1738547354.9571116,5.5152,0.1000246516533899,1.542796151026429,1.5412103299999997,1.57494001,-0.03365216,-7.752e-05,4,15.734260029049244,0.7342600290492427,71.08
PENDLEUSDT,SELL,Indirect TP,6.0,1738522465.2988217,2.8537333,1738547375.916758,2.3863,0.10001297843895267,1.7124622020205273,1.7004479799999999,1.77370006,-0.07170910999999999,-0.00154297,9,17.44672223106977,2.44672223106977,71.08
GALAUSDT,SELL,Indirect TP,780.0,1738522942.7000911,0.02426,1738547662.9288392,0.02028,0.09993652541408932,1.8910788831057292,1.8793103300000003,1.9578,-0.07926827,0.0007786,5,19.337801114175498,4.337801114175499,74.18
MKRUSDT,SELL,Indirect TP,0.013,1738520126.4839468,1041.6,1738547679.399107,893.9,0.0999819717367175,1.353835882892544,1.3536788999999996,1.3819,-0.02954484,0.00132374,4,20.69163699706804,5.691636997068043,76.1
PENDLEUSDT,BUY,direct TP,12.0,1738593666.9176612,2.689,1738594329.8315225,2.7697,0.03001115656377827,0.9683999999999973,0.96175272,0.9684,-0.00664728,0.0,1,21.66003699706804,6.66003699706804,63.7
PENDLEUSDT,BUY,direct TP,12.0,1738594389.6242564,2.7939,1738594565.9911263,2.8777,0.029993915315508823,1.0056000000000012,0.99869352,1.0056,-0.00690648,0.0,1,22.66563699706804,7.665636997068042,64.69
PENDLEUSDT,BUY,direct TP,12.0,1738594631.5789137,2.8946,1738594845.4251926,2.9814,0.029986872106681325,1.0415999999999972,1.03444464,1.0416,-0.00715536,0.0,1,23.707236997068037,8.707236997068039,65.7
PENDLEUSDT,BUY,direct TP,12.0,1738594888.1046438,3.0028,1738594959.1667356,3.0929,0.030005328360197172,1.0812000000000008,1.07377704,1.0812,-0.00742296,0.0,1,24.78843699706804,9.78843699706804,66.76
PENDLEUSDT,BUY,direct TP,12.0,1738594998.7251546,3.0678,1738595130.745116,3.1598,0.029988917139318103,1.104000000000001,1.09641648,1.104,-0.00758352,0.0,1,25.89243699706804,10.89243699706804,67.84
APTUSDT,BUY,direct TP,5.6,1738595415.8626342,5.9041,1738596268.9254277,6.0812,0.029996104402025756,0.9917600000000014,0.9849490599999999,0.99176,-0.00681094,0.0,1,26.88419699706804,11.884196997068042,65.44
GALAUSDT,BUY,direct TP,1525.0,1738597329.5691533,0.02257,1738601095.0028222,0.02325,0.03012848914488259,1.0370000000000001,1.02791476,1.037,-0.00709125,-0.00199399,1,27.92119699706804,12.921196997068042,66.35
APTUSDT,BUY,direct TP,6.6,1738596316.8184862,6.0863,1738607742.2528358,6.2689,0.03000180733779156,1.205160000000005,1.19882635,1.20516,-0.00827494,0.00194129,1,29.126356997068047,14.126356997068047,66.68
RSRUSDT,BUY,Indirect TP,3163.0,1738593969.6030488,0.008494,1738618597.6356957,0.009606,0.10004075269407334,2.6877470831518804,2.70024655,2.73172301,-0.032943270000000004,0.00146681,2,31.814104080219927,16.814104080219927,77.58
PENDLEUSDT,BUY,sl,13.0,1738595173.2388868,2.9655,1738672227.0780292,2.9663462,-0.10835465276384026,-4.177234396025188,-4.26923286,-3.94730001,-0.32603064,0.00409779,11,27.63686968419474,12.636869684194739,74.16
PENDLEUSDT,SELL,sl,14.0,1738683487.7530282,2.9253,1738772216.0683887,2.926,-0.10738858753917625,-4.398013691796932,-4.540768510000001,-4.1857999900000005,-0.35000738000000003,-0.00496114,17,23.238855992397806,8.238855992397806,71.47
PENDLEUSDT,SELL,direct TP,11.0,1738854247.4420266,3.049,1738856646.003938,2.9575,0.03000983929157098,1.006499999999999,0.9999935,1.0065,-0.0065065,0.0,1,24.245355992397805,9.245355992397805,72.45
PENDLEUSDT,SELL,direct TP,12.0,1738856707.0596464,2.9544,1738885326.807769,2.8658,0.02998916869753588,1.0632000000000001,1.05164686,1.0632,-0.00687792,-0.00467522,1,25.308555992397807,10.308555992397805,73.48
PENDLEUSDT,SELL,Indirect TP,10.0,1738938248.2077584,3.6499,1738963525.2121522,3.0927,0.09999603843364244,3.6497554067895157,3.58422042,3.7004,-0.11603839,-0.00014119,4,28.958311399187323,13.95831139918732,83.85
MKRUSDT,BUY,direct TP,0.045,1739198047.0125074,967.2,1739208332.280936,996.2,0.02998345740281224,1.305,1.29178215,1.305,-0.0089658,-0.00425205,1,30.263311399187323,15.26331139918732,53.18
GALAUSDT,SELL,direct TP,2043.0,1739368506.8105786,0.02223,1739370637.3965135,0.02156,0.030139451192082792,1.368810000000001,1.36000059,1.36881,-0.00880941,0.0,1,31.632121399187323,16.63212139918732,93.35
MKRUSDT,BUY,direct TP,0.041,1739374875.8003569,992.3,1739398795.2375495,1022.1,0.030031240552252415,1.2218000000000029,1.20934707,1.2218,-0.00838122,-0.00407171,1,32.85392139918733,17.85392139918732,89.66
GALAUSDT,BUY,tie,2200.0,1739370676.500017,0.02219,1739457737.3652117,0.02285,-0.023561591026049992,-1.1502297507097086,-1.1298480399999995,-0.9460000000000002,-0.171149,-0.012699039999999998,4,31.70369164847762,16.703691648477612,83.66
RSRUSDT,BUY,tie,4635.0,1739369955.2797854,0.00858,1739460681.3484519,0.00864,-0.024857812571903035,-0.9885529477032116,-0.9585010399999999,-0.8886750099999998,-0.05979433000000001,-0.010031700000000001,6,30.715138700774407,15.7151387007744,83.91
MKRUSDT,BUY,direct TP,0.044,1739799429.7567282,1036.84545,1739843428.7389684,1068.0,0.030047438603313513,1.3708001999999986,1.36237566,1.3708,-0.0093984,0.0009740600000000001,1,32.08593890077441,17.085938900774398,91.26
GALAUSDT,BUY,direct TP,1627.0,1739908397.4351099,0.02139,1739923586.8704343,0.02203,0.029920523609163238,1.0412800000000026,1.03507412,1.04128,-0.00716855,0.00096267,2,33.12721890077441,18.127218900774402,84.25
MKRUSDT,BUY,tie,0.043,1739888046.7631004,1111.3,1739978537.3844914,1180.7,0.020837239580078347,0.9957262468496658,0.9750004699999998,1.0877999999999997,-0.12047954,0.007680009999999999,6,34.12294514762407,19.12294514762407,78.08
RSRUSDT,BUY,tie,5340.0,1739906588.9533381,0.007865,1740007385.6550925,0.008228,-0.02978824888045723,-1.2510796435552114,-1.2372755800000002,-1.0046349799999998,-0.23110449000000002,-0.0015361099999999998,12,32.871865504068865,17.871865504068857,74.8
MKRUSDT,BUY,Indirect TP,0.044,1739980028.7565207,1210.2,1740075658.0255744,1446.8,0.10000570981301128,5.325184040691075,5.31212154,5.689199999999999,-0.38367822999999995,0.00659977,22,38.19704954475994,23.19704954475993,77.75
APTUSDT,BUY,sl,7.7,1739971570.2977319,6.346514,1740083137.5353189,6.3469,-0.10574989563337044,-5.1678025871450775,-5.28680624,-4.9005,-0.41343505,0.027128810000000003,11,33.029246957614866,18.029246957614852,76.61
MKRUSDT,BUY,sl,0.04,1740075731.0066538,1412.4,1740152835.9359536,1409.4,-0.1019603009823369,-5.7603491642981055,-6.19142212,-5.7039,-0.47819595,-0.00932617,10,27.26889779331676,12.268897793316746,72.42
RSRUSDT,SELL,direct TP,5611.0,1740152227.6524243,0.008846,1740159917.789105,0.008581,0.029957042731177892,1.486914999999998,1.4822460899999998,1.486915,-0.00962959,0.00496068,1,28.755812793316757,13.755812793316744,68.12
MKRUSDT,BUY,tie,0.029,1740152895.4941616,1471.1931,1740240912.5873706,1527.7,-0.038637800969762416,-1.6484663193907456,-1.6323934100000002,-1.3972999899999996,-0.23461995,-0.0004734699999999984,7,27.10734647392601,12.107346473925999,66.94
PENDLEUSDT,SELL,tie,10.0,1740153012.971083,3.5334,1740245158.480515,3.54134,-0.04479512315389228,-1.5827908815196299,-1.5570801100000002,-1.4802,-0.08872508999999999,0.011844980000000001,6,25.52455559240638,10.524555592406369,66.85
RSRUSDT,BUY,tie,4384.0,1740167887.8911552,0.008595,1740272203.5079873,0.008713,-0.06251706735574425,-2.355673106156774,-2.34018578,-2.131145,-0.20682364000000003,-0.00221714,17,23.168882486249604,8.168882486249595,66.36
GALAUSDT,BUY,tie,1923.0,1740166289.6197515,0.02312,1740295568.4987562,0.0232,-0.09277234879937546,-4.124636362256521,-4.1258745999999995,-3.78831,-0.33219825000000003,-0.00536635,10,19.044246123993084,4.044246123993074,65.52
GALAUSDT,SELL,direct TP,1394.0,1740411548.0715554,0.0205,1740426264.7548804,0.01988,0.03024390243902451,0.8642800000000035,0.857874,0.86428,-0.00554254,-0.00086346,1,19.908526123993088,4.908526123993077,63.35
GALAUSDT,SELL,direct TP,1571.0,1740435126.6875243,0.01896,1740437959.289922,0.01839,0.03006329113924056,0.8954700000000015,0.8896918699999999,0.89547,-0.00577813,0.0,1,20.80399612399309,5.803996123993079,62.12
PENDLEUSDT,SELL,direct TP,9.0,1740440542.3160462,2.9632,1740442292.5438228,2.8743,0.030001349892008707,0.8001000000000018,0.7959971800000001,0.8001,-0.00517373,0.00107091,1,21.60409612399309,6.604096123993081,59.7
RSRUSDT,SELL,sl,3501.0,1740437950.9417367,0.007384,1740443636.9434311,0.007382,-0.10773110967446574,-2.784998284940729,-2.85320554,-2.6290869800000003,-0.22082294999999996,-0.00329561,19,18.81909783905236,3.819097839052352,58.59
GALAUSDT,SELL,sl,1684.0,1740438011.5738785,0.01887,1740455956.1096263,0.01887,-0.106422151139094,-3.3817852105190815,-3.4709730100000002,-3.1995999999999998,-0.2715028500000001,0.00012984,13,15.43731262853328,0.43731262853327024,54.76
GALAUSDT,SELL,sl,1196.0,1740499088.380908,0.01975,1740549575.3620608,0.01975,-0.10649359010236722,-2.5154850918080163,-2.58540421,-2.3800399999999997,-0.20177118,-0.00359303,10,12.921827536725264,-2.078172463274746,37.18
RSRUSDT,SELL,sl,2623.0,1740599886.7046525,0.007545,1740620420.491699,0.007547,-0.10612508723809494,-2.100272253363571,-2.1688660200000003,-1.9978539899999999,-0.16902293,-0.0019891,17,10.821555283361693,-4.178444716638317,26.64
GALAUSDT,BUY,direct TP,809.0,1740930546.2656136,0.02,1740932949.6640537,0.0206,0.029999999999999992,0.4853999999999999,0.48044973,0.4854,-0.00333308,-0.00161719,1,11.306955283361694,-3.6930447166383176,51.47
GALAUSDT,BUY,direct TP,662.0,1740934694.3171918,0.02175,1740937544.731456,0.0224,0.02988505747126443,0.4303000000000009,0.42733424000000003,0.4303,-0.00296576,0.0,1,11.737255283361694,-3.2627447166383168,50.24
PENDLEUSDT,BUY,direct TP,5.0,1740942128.368239,3.03314,1740956538.016252,3.1241,0.029988724556070583,0.45479999999999965,0.45167589999999996,0.4548,-0.0031241,0.0,1,12.192055283361693,-2.807944716638317,48.37
RSRUSDT,SELL,tie,2043.0,1740934506.7724884,0.008061,1741021393.9732757,0.007455,-0.00030039892353625475,-0.004947156621324406,-0.04049896999999969,0.05352902000000004,-0.09030566,-0.0037223300000000003,9,12.187108126740368,-2.8128918732596415,49.15
GALAUSDT,SELL,tie,785.0,1740937580.8922455,0.02176,1741026771.279124,0.01944,0.05342754488805684,0.9126279507598318,0.8914120399999999,0.94985,-0.05904770000000001,0.0006097399999999999,4,13.0997360775002,-1.9002639224998097,50.96
GALAUSDT,SELL,direct TP,1060.0,1741031708.0901473,0.01847,1741050567.3484914,0.01792,0.02977801840822966,0.583000000000002,0.5753461599999999,0.583,-0.00379904,-0.0038548,1,13.682736077500202,-1.3172639224998077,53.48
PENDLEUSDT,SELL,direct TP,7.0,1741031832.1710398,2.4549,1741051175.6863837,2.3813,0.029980854617295976,0.5151999999999992,0.5073833799999999,0.5152,-0.00333382,-0.0044828,1,14.197936077500202,-0.8020639224998085,53.99
RSRUSDT,SELL,direct TP,2074.0,1741031896.4127085,0.006841,1741051510.3159773,0.006636,0.0299663791843297,0.42516999999999894,0.41905088,0.42517,-0.00275261,-0.00336651,1,14.623106077500202,-0.3768939224998096,54.41
PENDLEUSDT,SELL,direct TP,9.0,1741100226.649649,2.3534,1741101499.8081467,2.2828,0.029999150165717775,0.6354000000000019,0.63129097,0.6354,-0.00410903,0.0,1,15.258506077500204,0.2585060775001923,53.86
GALAUSDT,SELL,direct TP,1129.0,1741102756.3516607,0.01719,1741105691.6264813,0.01667,0.030250145433391485,0.5870799999999996,0.5837567700000001,0.58708,-0.00376408,0.00044085,1,15.845586077500204,0.8455860775001919,54.42
RSRUSDT,SELL,direct TP,2956.0,1741100713.941282,0.006352,1741105786.3485887,0.006161,0.030069269521410612,0.5645960000000005,0.56075977,0.564596,-0.00364238,-0.00019385,1,16.410182077500206,1.4101820775001923,54.61
PENDLEUSDT,SELL,direct TP,10.0,1741101550.6394446,2.28405,1741106157.2689323,2.2155,0.030012477835423965,0.6855000000000012,0.6827031,0.6855,-0.004431,0.0016341,1,17.095682077500207,2.0956820775001934,55.29
GALAUSDT,BUY,direct TP,1446.0,1741115766.9510813,0.01773,1741167128.8484876,0.01826,0.029892836999435943,0.766379999999999,0.76115269,0.76638,-0.00528079,5.348000000000028e-05,1,17.862062077500205,2.8620620775001924,56.48
APTUSDT,BUY,direct TP,4.2,1741203847.1708882,6.3445,1741206915.27969,6.5348,0.029994483410828228,0.7992599999999989,0.79377077,0.79926,-0.00548923,0.0,1,18.661322077500206,3.6613220775001913,67.0
APTUSDT,SELL,direct TP,4.4,1741210927.5493855,6.3021,1741224740.8641663,6.113,0.03000587105885337,0.8320399999999993,0.82817425,0.83204,-0.00537944,0.00151369,1,19.493362077500205,4.493362077500191,67.81
MKRUSDT,SELL,direct TP,0.024,1741544767.4142349,1203.7,1741566869.4742303,1167.6,0.02999086151034322,0.8664000000000032,0.8602671599999999,0.8664,-0.00560448,-0.00052836,1,20.359762077500207,5.359762077500194,67.26
RSRUSDT,SELL,tie,4753.0,1741544894.7594538,0.005374,1741637528.2302866,0.004875,0.005715532575061563,0.14598968809348414,0.1332858700000001,0.2926680100000003,-0.1656976,0.00631546,16,20.50575176559369,5.505751765593678,63.85
GALAUSDT,SELL,tie,1356.0,1741546387.9007332,0.01593,1741637544.7604392,0.01544,-0.053619208917122574,-1.1582328213554782,-1.1726002299999998,-1.03056,-0.14065788,-0.0013823499999999996,7,19.34751894423821,4.3475189442382,64.51
PENDLEUSDT,SELL,tie,9.0,1741548010.3612084,2.0997611,1741659407.2713664,1.9554333,-0.0197281952694444,-0.3728204729998503,-0.38480680999999994,-0.26420001000000004,-0.12288735000000002,0.00228055,10,18.97469847123836,3.9746984712383493,39.11
MKRUSDT,BUY,tie,0.029,1741634950.6445215,1087.1,1741722632.4340963,1169.28276,0.0023186544350698723,0.07309766785456928,0.08021456000000006,0.26250001999999995,-0.17373775,-0.00854771,15,19.047796139092927,4.0477961390929185,59.91
PENDLEUSDT,SELL,sl,14.0,1741706172.9188378,2.0607286,1741787381.3721259,2.0561143,-0.10853182773441193,-3.131164979916062,-3.0839315999999997,-2.8362999600000003,-0.24642742000000006,-0.00120422,20,15.916631159176866,0.9166311591768563,56.9
RSRUSDT,BUY,tie,4892.0,1741706650.4765775,0.005099,1741796483.2955031,0.005419,0.010123970995138128,0.252535450685792,0.2707836699999999,0.3565780299999999,-0.08783256000000002,0.0020382,9,16.169166609862657,1.1691666098626483,58.45
RSRUSDT,BUY,direct TP,3793.0,1742168416.5558715,0.005483,1742178574.0412378,0.005647,0.029910632865219784,0.6220520000000003,0.62115767,0.622052,-0.00428381,0.00338948,1,16.791218609862657,1.7912186098626486,46.15
MKRUSDT,BUY,direct TP,0.02,1742151666.599149,1183.5,1742212841.3791676,1219.0,0.02999577524292353,0.71,0.70480445,0.71,-0.004876,-0.00031955,1,17.501218609862658,2.5012186098626485,49.43
PENDLEUSDT,BUY,direct TP,12.0,1742225107.339811,2.2682,1742228131.1556275,2.3362,0.02997971960144591,0.8159999999999954,0.8100779899999999,0.816,-0.00560688,-0.00031513,1,18.317218609862653,3.317218609862644,50.23
MKRUSDT,BUY,direct TP,0.019,1742312413.679661,1243.0,1742341097.1301153,1280.3,0.030008045052292803,0.7086999999999991,0.70368481,0.7087,-0.00486513,-0.00015006,1,19.025918609862654,4.025918609862643,49.15
PENDLEUSDT,BUY,tie,12.0,1742230686.5112455,2.2943,1742346945.3256714,2.3699,-0.030444799372626383,-0.8381940384074005,-0.8601674799999999,-0.7423,-0.12383365000000002,0.00596617,7,18.187724571455252,3.1877245714552425,50.05
PENDLEUSDT,SELL,sl,8.0,1742413041.292779,2.5106,1742496751.2349045,2.4927375,-0.1173528493595871,-2.3570085088174353,-2.13316359,-1.9607,-0.17176854,-0.0006950500000000002,11,15.830716062637817,0.8307160626378072,44.59
RSRUSDT,SELL,tie,4020.0,1742407717.7444694,0.005897,1742496855.8789349,0.005681,-0.05307719853205708,-1.2582448837690334,-1.25838492,-1.1068830000000003,-0.15440468000000002,0.00290276,12,14.572471178868785,-0.42752882113122626,45.45
PENDLEUSDT,BUY,direct TP,9.0,1742496913.6858869,2.5174,1742521919.7450125,2.5929,0.029991260824660502,0.6795000000000031,0.67633207,0.6795,-0.00466721,0.00149928,1,15.251971178868788,0.25197117886877685,45.53
GALAUSDT,SELL,tie,1553.0,1742397787.4399426,0.017,1742574857.495357,0.01658,-0.050129982614046054,-1.3234816709934298,-1.3784150300000002,-1.22687,-0.14540739,-0.006137640000000001,10,13.928489507875359,-1.071510492124653,44.84
RSRUSDT,BUY,Indirect TP,3226.0,1742506628.6434708,0.005589,1742623995.6405337,0.006383,0.10002471595644885,1.803457031512392,1.7957696399999996,1.8237940099999999,-0.03999787,0.0119735,4,15.731946539387751,0.7319465393877389,47.4
RSRUSDT,BUY,direct TP,3043.0,1742927886.4507504,0.00776,1742940272.5301805,0.007993,0.030025773195876248,0.7090189999999991,0.70415447,0.709019,-0.00486453,0.0,1,16.44096553938775,1.4409655393877379,46.64
RSRUSDT,BUY,sl,3035.0,1742941387.4797645,0.007927,1742953778.1109493,0.00792,-0.10614380816301422,-2.553654970780429,-2.6819403100000003,-2.47052298,-0.20373812999999996,-0.0076792,12,13.887310568607322,-1.112689431392691,43.94
MKRUSDT,BUY,tie,0.016,1742997727.0461557,1381.5,1743112048.485805,1470.4,0.011272287734094742,0.2491626480744302,0.26606144000000004,0.34209999999999996,-0.07783519,0.0017966300000000004,6,14.136473216681752,-0.8635267833182607,39.9
GALAUSDT,SELL,sl,1417.0,1743276072.114683,0.01525,1743377083.8065083,0.01526,-0.10351383242559338,-2.2368562833427537,-2.3193680299999997,-2.13967,-0.1845359,0.00483787,12,11.899616933338999,-3.1003830666610144,38.05
PENDLEUSDT,BUY,direct TP,7.0,1743430026.896067,2.6062,1743433345.333491,2.6844,0.03000537180569422,0.5474000000000019,0.54364184,0.5474,-0.00375816,0.0,1,12.447016933339,-2.5529830666610125,38.58
PENDLEUSDT,BUY,Indirect TP,7.0,1743433447.1083517,2.637,1743529332.377932,3.0105,0.10001007560596628,1.8460859856105316,1.8211744900000002,1.8655,-0.0409542,-0.00337131,3,14.293102918949533,-0.7068970810504809,40.39
PENDLEUSDT,BUY,direct TP,7.0,1743533226.6593084,2.9723,1743545671.3765018,3.0615,0.030010429633617046,0.6243999999999996,0.6201139,0.6244,-0.0042861,0.0,1,14.917502918949532,-0.08249708105048126,41.0
PENDLEUSDT,BUY,sl,7.0,1743550806.5750499,3.0036,1743637264.6533778,3.0031,-0.09937886060337912,-2.089460419958167,-2.1518307799999996,-1.9726999999999997,-0.17704578999999998,-0.00208499,12,12.828042498991366,-2.171957501008648,33.77
PENDLEUSDT,SELL,direct TP,6.0,1743637342.49103,3.0059,1743663461.3674169,2.9157,0.030007651618483594,0.541199999999999,0.5394789600000001,0.5412,-0.00349884,0.0017778,1,13.369242498991365,-1.6307575010086488,34.69
MKRUSDT,SELL,direct TP,0.01,1743635719.4692721,1296.1,1743676705.9002967,1257.2,0.030013116271892498,0.3889999999999987,0.38752160999999996,0.389,-0.0025144,0.00103601,1,13.758242498991365,-1.2417575010086501,34.24
GALAUSDT,SELL,tie,1211.0,1743609609.555857,0.01536,1743711195.9156325,0.01485,-0.04327328827871898,-0.8049247043409206,-0.8417006100000001,-0.73871,-0.10242031,-0.0005703000000000001,8,12.953317794650443,-2.046682205349571,42.19
RSRUSDT,BUY,tie,2672.0,1743628929.1595862,0.006213,1743715827.4397929,0.006538,-0.018975922607759564,-0.3150218719368912,-0.31127529000000004,-0.22177600000000008,-0.09143581,0.00193652,7,12.638295922713553,-2.361704077286462,43.05
APTUSDT,SELL,tie,2.7,1743632233.3977594,5.2407,1743741503.936856,4.9646,0.010212708176232509,0.14450869729579063,0.15137901999999986,0.18522000000000005,-0.03514563,0.00130465,4,12.782804620009344,-2.2171953799906716,169.32
RSRUSDT,BUY,direct TP,2790.0,1743779166.9112968,0.006865,1743779729.26148,0.007071,0.030007283321194532,0.5747400000000012,0.57079439,0.57474,-0.00394561,0.0,1,13.357544620009346,-1.6424553799906705,179.7
PENDLEUSDT,BUY,direct TP,5.0,1743781870.8286996,3.0982,1743796827.197972,3.1911,0.029985152669291915,0.464500000000001,0.46046230000000005,0.4645,-0.0031911,-0.0008466,1,13.822044620009347,-1.1779553799906695,178.58
APTUSDT,SELL,tie,3.4,1743779892.0159414,4.7873,1743870172.40228,4.7951,-0.05567263542511471,-0.9061734657402156,-0.9284610100000001,-0.87108,-0.05714396,-0.00023705,5,12.915871154269132,-2.084128845730885,178.37
RSRUSDT,BUY,tie,2833.0,1743779826.6744752,0.006919,1743871390.9818432,0.00734,0.018079499763027744,0.3543858027514819,0.35232168,0.390954,-0.049404670000000005,0.010772349999999998,3,13.270256957020614,-1.7297430429794032,179.56
GALAUSDT,BUY,direct TP,941.0,1744035246.5493975,0.01383,1744035503.9107525,0.01424,0.029645697758495945,0.385809999999999,0.38313004,0.38581,-0.00267996,0.0,1,13.656066957020613,-1.3439330429794043,181.15
RSRUSDT,BUY,sl,2183.0,1744036521.5717945,0.006611,1744042069.4254646,0.006589,-0.09639990427397134,-1.3912253916998552,-1.54442257,-1.42150299,-0.12283863,-8.095e-05,11,12.264841565320758,-2.7351584346792595,178.14
PENDLEUSDT,BUY,direct TP,6.0,1744036150.3409166,2.8174,1744062953.4615753,2.9019,0.02999219138212529,0.5069999999999988,0.5029527500000001,0.507,-0.00348228,-0.00056497,1,12.771841565320756,-2.2281584346792607,178.3
APTUSDT,BUY,sl,2.9,1744035427.6761503,4.411638,1744075243.5099711,4.4091,-0.1017043076749303,-1.3011795066570009,-1.35163655,-1.2448299999999999,-0.10812311999999999,0.00131657,13,11.470662058663756,-3.5293379413362613,177.73
GALAUSDT,BUY,tie,1449.0,1744035552.5654864,0.01378,1744122228.6399024,0.01365,-0.07399248925205582,-1.477424311243434,-1.49276703,-1.40553,-0.08938156,0.00214453,6,9.993237747420322,-5.006762252579695,175.29
MKRUSDT,BUY,tie,0.01,1744035495.1978402,1236.7,1744122252.0083132,1276.0,-0.05471221122881349,-0.6766259162667365,-0.69402041,-0.6115999999999999,-0.08021978999999999,-0.00220062,9,9.316611831153585,-5.683388168846432,175.68
PENDLEUSDT,SELL,direct TP,5.0,1744124166.9248207,2.9654,1744130574.659387,2.8764,0.030012814460106552,0.44499999999999984,0.4436268,0.445,-0.0028764,0.0015032,1,9.761611831153585,-5.238388168846432,175.87
RSRUSDT,BUY,direct TP,1786.0,1744227016.4742372,0.00728,1744232466.3044918,0.007498,0.029945054945054988,0.3893480000000006,0.38666972000000005,0.389348,-0.00267828,0.0,1,10.150959831153585,-4.8490401688464315,218.16
MKRUSDT,BUY,direct TP,0.009,1744227309.5606253,1394.1,1744233432.1413991,1435.9,0.029983501900868077,0.3762000000000016,0.37361538,0.3762,-0.00258462,0.0,1,10.527159831153586,-4.47284016884643,218.54
PENDLEUSDT,BUY,sl,4.0,1744222870.3513215,3.3383,1744256240.4791663,3.3398,-0.1065323363592217,-1.4225475938719592,-1.45311308,-1.3388,-0.1129738,-0.00133928,10,9.104612237281627,-5.895387762718389,217.13
GALAUSDT,BUY,sl,1017.0,1744222086.4825716,0.01412,1744288167.9901366,0.01411,-0.1061789767684724,-1.5247343535543345,-1.58583584,-1.46448,-0.12133317000000002,-2.2670000000000025e-05,11,7.579877883727292,-7.420122116272724,215.45
APTUSDT,BUY,tie,2.7,1744228638.3772597,4.678541,1744341133.2216668,4.750152,-0.02775499315614099,-0.3506027582764576,-0.36045328,-0.32599999,-0.03154628,-0.00290701,6,7.229275125450834,-7.770724874549182,216.45
APTUSDT,BUY,tie,2.9,1744899731.551439,4.6851,1745000478.3273165,4.746,-0.040329487841175245,-0.5479482821056014,-0.54189118,-0.4912,-0.047506450000000006,-0.0031847299999999998,6,6.681326843345232,-8.318673156654784,171.01
GALAUSDT,BUY,tie,933.0,1744831329.4769173,0.01436,1745072977.1837397,0.01479,-0.02371893111245612,-0.3177833927729536,-0.30214417000000005,-0.2612400000000001,-0.04696255,0.00605838,4,6.363543450572279,-8.636456549427738,171.27
RSRUSDT,BUY,error,1681.0,1745242031.7483444,0.00762,0,0,-0.022584776902887183,-0.28929337600000055,False,False,False,False,False,6.074250074572278,-8.925749925427738,150.17
RSRUSDT,BUY,direct TP,1717.0,1745255652.9582176,0.007591,1745255977.8851757,0.007819,0.03003556843630614,0.3914759999999998,0.38879095999999996,0.391476,-0.00268504,0.0,1,6.465726074572278,-8.534273925427739,150.4
RSRUSDT,BUY,direct TP,1676.0,1745256013.9788103,0.007784,1745263382.3339198,0.008018,0.030061664953751375,0.3921840000000012,0.38949637,0.392184,-0.00268763,0.0,1,6.857910074572279,-8.142089925427737,150.78
GALAUSDT,SELL,sl,839.0,1745177706.8023689,0.01577,1745271186.9888103,0.0158,-0.10519835179776647,-1.391882548586802,-1.482106,-1.36757,-0.1130972,-0.0014388,9,5.466027525985478,-9.533972474014538,150.59
GALAUSDT,SELL,direct TP,818.0,1745271259.0395787,0.01588,1745273081.0827572,0.0154,0.030226700251889033,0.39263999999999816,0.39012056,0.39264,-0.00251944,0.0,1,5.858667525985476,-9.14133247401454,150.97
RSRUSDT,BUY,direct TP,1622.0,1745263454.6842148,0.008018,1745278161.0443125,0.008259,0.030057370915440244,0.3909019999999998,0.38822279000000004,0.390902,-0.00267921,0.0,1,6.249569525985476,-8.75043047401454,151.35
APTUSDT,SELL,direct TP,2.6,1745250625.164572,5.0381,1745281670.6620986,4.887,0.02999146503642255,0.3928600000000012,0.38864069,0.39286,-0.00254124,-0.0016780699999999998,1,6.642429525985477,-8.357570474014539,151.68
RSRUSDT,BUY,direct TP,1575.0,1745278208.8857908,0.00825,1745290184.0957146,0.008497,0.02993939393939381,0.38902499999999834,0.38919156,0.389025,-0.00267655,0.00284311,1,7.031454525985476,-7.96854547401454,201.52
RSRUSDT,BUY,direct TP,1550.0,1745335934.8301802,0.00838,1745339330.6032195,0.008631,0.02995226730310256,0.3890499999999992,0.38824838,0.38905,-0.00267561,0.00187399,1,7.420504525985475,-7.579495474014541,186.04
RSRUSDT,BUY,direct TP,1521.0,1745339964.218745,0.008544,1745358408.4498453,0.0088,0.029962546816479523,0.38937600000000155,0.38669904,0.389376,-0.00267696,0.0,1,7.809880525985476,-7.19011947401454,185.85
APTUSDT,BUY,direct TP,2.6,1745333660.2581627,5.0864,1745362824.9302306,5.239,0.03000157282164195,0.396759999999999,0.39778321,0.39676,-0.00272428,0.00374749,1,8.206640525985476,-6.793359474014541,186.24
GALAUSDT,BUY,tie,846.0,1745273117.3828402,0.01583,1745371167.3117611,0.01702,-0.00019068026796142945,-0.0025536244709876963,0.00020066000000000962,0.07613999999999987,-0.07388962,-0.0020497199999999997,8,8.204086901514488,-6.795913098485529,187.06
MKRUSDT,BUY,tie,0.009,1745334317.7733226,1419.17222,1745425035.8793828,1475.9,-0.04825522037475275,-0.6163422140324438,-0.63797026,-0.5503,-0.0829307,-0.00473956,10,7.5877446874820444,-7.412255312517972,232.56
PENDLEUSDT,SELL,direct TP,4.0,1745420650.0522575,3.3582,1745444107.7341788,3.2575,0.029986302185694785,0.40280000000000094,0.40154027999999997,0.4028,-0.00260599,0.00134627,1,7.990544687482045,-7.0094553125179715,233.01
PENDLEUSDT,BUY,direct TP,3.0,1745593867.5187714,3.582,1745599233.8695984,3.6895,0.030011166945840294,0.32249999999999973,0.31919714000000005,0.3225,-0.0022137,-0.00108916,1,8.313044687482044,-6.686955312517972,200.11
PENDLEUSDT,SELL,direct TP,3.0,1745610924.071028,3.6031,1745660413.3260233,3.495,0.03000194277150228,0.3242999999999996,0.32434970999999996,0.3243,-0.002097,0.00214671,1,8.637344687482043,-6.362655312517973,215.88
MKRUSDT,BUY,direct TP,0.009,1745595250.802804,1487.4,1745712449.9643037,1532.0,0.02998520908968664,0.4013999999999992,0.39719691999999995,0.4014,-0.0027576,-0.0014454800000000003,1,9.038744687482042,-5.961255312517974,216.22
GALAUSDT,BUY,tie,820.0,1746025688.516264,0.01708,1746130409.164461,0.01734,-0.08263261516103076,-1.1573193548993326,-1.1547016199999998,-1.0496,-0.10464840000000002,-0.00045321999999999995,11,7.88142533258271,-7.118574667417306,182.97
MKRUSDT,BUY,tie,0.009,1746028629.596061,1499.1,1746173952.355721,1540.3,-0.00414295309997122,-0.05589630892950169,-0.043772399999999934,-0.022499999999999964,-0.02042325,-0.0008491500000000003,2,7.825529023653209,-7.174470976346807,170.86
RSRUSDT,SELL,tie,1374.0,1746198909.5433295,0.009178,1746323046.49589,0.008735,0.016960439221458207,0.21388083995382268,0.1996597499999999,0.22258799999999995,-0.018611509999999998,-0.00431674,2,8.039409863607032,-6.960590136392985,152.82
GALAUSDT,SELL,direct TP,836.0,1746292628.27133,0.01555,1746379635.3478017,0.01508,0.030225080385852088,0.39292,0.39035710999999995,0.39292,-0.00252137,-4.1520000000000185e-05,1,8.432329863607032,-6.567670136392985,175.53
RSRUSDT,BUY,direct TP,1418.0,1746719837.2585437,0.009177,1746729734.5113945,0.009452,0.029966219897570118,0.38995000000000135,0.38596450000000004,0.38995,-0.00268058,-0.00130492,1,8.822279863607033,-6.177720136392983,202.02
MKRUSDT,BUY,Indirect TP,0.009,1746573848.1141605,1501.0,1746737532.5710742,1695.5,0.09999343951188126,1.3508113743660037,1.35034591,1.3725,-0.0165609,-0.00559319,2,10.173091237973036,-4.82690876202698,203.77
RSRUSDT,BUY,direct TP,1546.0,1746743472.535999,0.009836,1746749062.7310982,0.010131,0.029991866612444098,0.4560700000000002,0.45138033,0.45607,-0.0031325,-0.00155717,1,10.629161237973037,-4.370838762026979,204.2
GALAUSDT,BUY,direct TP,732.0,1746748508.7820156,0.01776,1746760515.7546945,0.01829,0.029842342342342298,0.3879599999999994,0.3839782500000001,0.38796,-0.00267765,-0.0013041,1,11.017121237973036,-3.9828787620269797,204.59
PENDLEUSDT,BUY,direct TP,4.0,1746718452.5664496,3.6819,1746775803.0268853,3.7924,0.03001167875281785,0.44200000000000017,0.43601671999999997,0.442,-0.00303392,-0.00294936,1,11.459121237973037,-3.5408787620269795,205.02
RSRUSDT,BUY,direct TP,1417.0,1746828612.4766736,0.010313,1746860740.0094492,0.010622,0.029962183651701762,0.4378530000000004,0.43337657,0.437853,-0.00301027,-0.00146616,1,11.896974237973037,-3.103025762026979,219.37
GALAUSDT,BUY,tie,906.0,1746804486.37017,0.01956,1746921430.0692635,0.02227,0.08531935022891786,1.511974920372736,1.51871962,1.5855000000000001,-0.06308931000000001,-0.0036910700000000003,7,13.408949158345774,-1.591050841654243,234.52
APTUSDT,SELL,direct TP,3.5,1747065066.4324627,5.8586,1747075647.000418,5.6828,0.03000716894821284,0.6152999999999991,0.61337241,0.6153,-0.00397796,0.00205037,1,14.024249158345773,-0.975750841654244,186.99
PENDLEUSDT,BUY,direct TP,5.0,1747145288.948815,4.1382,1747175693.1174996,4.2623,0.029988884055869563,0.6204999999999972,0.6141831,0.6205,-0.0042623,-0.0020546,1,14.644749158345771,-0.3552508416542468,139.84
RSRUSDT,SELL,direct TP,2248.0,1747236186.4839714,0.009789,1747273546.090729,0.009495,0.030033711308611794,0.660912000000002,0.66075461,0.660912,-0.00426895,0.00411156,1,15.305661158345773,0.30566115834575525,69.01
ALPHAUSDT,SELL,direct TP,844.0,1750442529.0790663,0.01965,1750515260.1176918,0.01906,0.029225445292620878,0.48469232000000023,0.49535539,0.49796,-0.00321732,0.00061271,1,1.2750457983457557,0.7903534783457555,86.97
C98USDT,SELL,direct TP,466.0,1750432206.5085328,0.0421,1750527609.7762914,0.0408,0.030078859857482085,0.590105119999998,0.60564755,0.6058,-0.00380256,0.00365011,1,2.455256038345752,1.8651509183457537,90.96
VETUSDT,SELL,direct TP,678.0,1750444690.507272,0.020953,1750532077.9770374,0.020324,0.02921956760368449,0.4150970928000008,0.42345731999999997,0.426462,-0.00275593,-0.00024874999999999995,1,3.2854502239457535,2.8703531311457526,91.38
ALPHAUSDT,SELL,tie,721.0,1750548246.886318,0.01836,1750641474.6172996,0.01774,-0.009373502550734478,-0.12408230242550071,-0.12530583,-0.08652000000000004,-0.03301459,-0.0057712399999999995,4,3.037285619094752,3.161367921520253,88.28
VETUSDT,BUY,direct TP,646.0,1750705746.0955517,0.020131,1750716201.7063944,0.020735,0.02920347722418163,0.3797802992000002,0.38750503999999997,0.390184,-0.00267896,0.0,1,3.7968462174947524,3.4170659182947523,104.63
ALPHAUSDT,SELL,direct TP,1411.0,1750950435.4953346,0.0163,1750954281.3034759,0.01581,0.02926134969325138,0.6729905599999965,0.67183109,0.69139,-0.00446158,-0.01509733,1,26.34598111999999,25.672990559999995,98.79
C98USDT,SELL,tie,595.0,1750908555.5191476,0.0439,1750999191.9245965,0.0432,-0.02081950486870756,-0.5438158769230759,-0.56898211,-0.5355,-0.0389725,0.0054903899999999995,3,25.258349366153837,25.802165243076914,97.81
C98USDT,SELL,sl,926.0,1751035266.4181752,0.0417,1751074167.428144,0.0418,-0.10446556662614506,-4.033854282815291,-4.311021159999999,-3.9818,-0.329193,-2.8160000000000164e-05,9,17.190640800523255,21.224495083338546,93.81
C98USDT,SELL,direct TP,604.0,1751327465.1349459,0.0426,1751346913.0160394,0.0413,0.02971643192488253,0.7646156799999974,0.78277931,0.7852,-0.00498904,0.00256835,1,18.719872160523252,17.955256480523254,77.95
